[
  {
    "id": "94421eaa-27f1-478a-abf8-82257c9a3dd4",
    "data": [
      {
        "text": "am I talking to a human?",
        "userDefined": false
      }
    ],
    "isTemplate": false,
    "count": 0,
    "lang": "en",
    "updated": 0
  },
  {
    "id": "8ff413ce-5181-42c8-81b5-8b55a23f0390",
    "data": [
      {
        "text": "am I talking to a bot?",
        "userDefined": false
      }
    ],
    "isTemplate": false,
    "count": 0,
    "lang": "en",
    "updated": 0
  },
  {
    "id": "6f683143-dd71-4d80-8043-aabd87896575",
    "data": [
      {
        "text": "are you a human?",
        "userDefined": false
      }
    ],
    "isTemplate": false,
    "count": 0,
    "lang": "en",
    "updated": 0
  },
  {
    "id": "1acc9e91-8279-4585-a555-b806fa82d560",
    "data": [
      {
        "text": "are you a bot?",
        "userDefined": false
      }
    ],
    "isTemplate": false,
    "count": 0,
    "lang": "en",
    "updated": 0
  }
]