[
  {
    "id": "3666ef8c-06a7-4462-8d86-ca2b651ba1b6",
    "data": [
      {
        "text": "What should I call you?",
        "userDefined": false
      }
    ],
    "isTemplate": false,
    "count": 0,
    "lang": "en",
    "updated": 0
  },
  {
    "id": "580464dd-e772-486e-83fc-1909bae8e646",
    "data": [
      {
        "text": "What are you named?",
        "userDefined": false
      }
    ],
    "isTemplate": false,
    "count": 0,
    "lang": "en",
    "updated": 0
  },
  {
    "id": "330c926b-1e79-4c4b-ad81-c887cb837a73",
    "data": [
      {
        "text": "What are you called?",
        "userDefined": false
      }
    ],
    "isTemplate": false,
    "count": 0,
    "lang": "en",
    "updated": 0
  },
  {
    "id": "110cd7bd-314c-41c6-9f84-499cdcaeb614",
    "data": [
      {
        "text": "What do I call you?",
        "userDefined": false
      }
    ],
    "isTemplate": false,
    "count": 0,
    "lang": "en",
    "updated": 0
  },
  {
    "id": "7ed44ac6-173d-4495-a8e0-c2943ad6e8f0",
    "data": [
      {
        "text": "What is your name?",
        "userDefined": false
      }
    ],
    "isTemplate": false,
    "count": 0,
    "lang": "en",
    "updated": 0
  }
]