[
  {
    "id": "88d251cf-6325-4c80-9bf8-98d98cbb7a0a",
    "data": [
      {
        "text": "is it cloudy in ",
        "userDefined": false
      },
      {
        "text": "San Francisco",
        "meta": "@sys.geo-city",
        "alias": "geo-city1",
        "userDefined": false
      },
      {
        "text": " ",
        "userDefined": false
      },
      {
        "text": "today",
        "meta": "@sys.date-time",
        "alias": "date-time",
        "userDefined": false
      },
      {
        "text": "?",
        "userDefined": false
      }
    ],
    "isTemplate": false,
    "count": 0,
    "lang": "en",
    "updated": 0
  },
  {
    "id": "6ff74772-9aa1-44d4-903a-7a4f0fe6be77",
    "data": [
      {
        "text": "Isn\u0027t it always cloudy in ",
        "userDefined": false
      },
      {
        "text": "London",
        "meta": "@sys.geo-city",
        "alias": "geo-city1",
        "userDefined": false
      },
      {
        "text": "?",
        "userDefined": false
      }
    ],
    "isTemplate": false,
    "count": 0,
    "lang": "en",
    "updated": 0
  },
  {
    "id": "15f85582-bb48-4d56-a4f2-908b2dd6c706",
    "data": [
      {
        "text": "Do you think it\u0027s overcast?",
        "userDefined": false
      }
    ],
    "isTemplate": false,
    "count": 0,
    "lang": "en",
    "updated": 0
  },
  {
    "id": "f2ef9d4a-2340-4767-96c0-369cc0ce4276",
    "data": [
      {
        "text": "I wonder if the clouds are out in ",
        "userDefined": false
      },
      {
        "text": "Madrid",
        "meta": "@sys.geo-city",
        "alias": "geo-city1",
        "userDefined": false
      },
      {
        "text": " ",
        "userDefined": false
      },
      {
        "text": "at the moment",
        "meta": "@sys.date-time",
        "alias": "date-time",
        "userDefined": false
      },
      {
        "text": ".",
        "userDefined": false
      }
    ],
    "isTemplate": false,
    "count": 0,
    "lang": "en",
    "updated": 0
  },
  {
    "id": "c8033b43-bb62-4e13-9ba9-27bba8a44bdc",
    "data": [
      {
        "text": "Is the ",
        "userDefined": false
      },
      {
        "text": "sun",
        "userDefined": false
      },
      {
        "text": " behind clouds in ",
        "userDefined": false
      },
      {
        "text": "Detroit",
        "meta": "@sys.geo-city",
        "alias": "geo-city1",
        "userDefined": false
      },
      {
        "text": "?",
        "userDefined": false
      }
    ],
    "isTemplate": false,
    "count": 0,
    "lang": "en",
    "updated": 0
  },
  {
    "id": "64c65b15-8f9f-4a49-b13b-08624b63a91f",
    "data": [
      {
        "text": "Can you tell me if it is overcast in ",
        "userDefined": false
      },
      {
        "text": "Milan",
        "meta": "@sys.geo-city",
        "alias": "geo-city1",
        "userDefined": false
      },
      {
        "text": " ",
        "userDefined": false
      },
      {
        "text": "today",
        "meta": "@sys.date-time",
        "alias": "date-time",
        "userDefined": false
      },
      {
        "text": "?",
        "userDefined": false
      }
    ],
    "isTemplate": false,
    "count": 0,
    "lang": "en",
    "updated": 0
  },
  {
    "id": "8117d659-0573-4c8d-8c75-1243dd17f23d",
    "data": [
      {
        "text": "In ",
        "userDefined": false
      },
      {
        "text": "Berlin",
        "meta": "@sys.geo-city",
        "alias": "geo-city1",
        "userDefined": false
      },
      {
        "text": ", is it ",
        "userDefined": false
      },
      {
        "text": "cloudy",
        "userDefined": false
      },
      {
        "text": " ",
        "userDefined": false
      },
      {
        "text": "right now",
        "meta": "@sys.date-time",
        "alias": "date-time",
        "userDefined": false
      },
      {
        "text": "?",
        "userDefined": false
      }
    ],
    "isTemplate": false,
    "count": 0,
    "lang": "en",
    "updated": 0
  },
  {
    "id": "253bbfc3-e7c1-40ac-a509-06d80e260aa9",
    "data": [
      {
        "text": "is it ",
        "userDefined": false
      },
      {
        "text": "cloudy",
        "userDefined": false
      },
      {
        "text": " outside?",
        "userDefined": false
      }
    ],
    "isTemplate": false,
    "count": 0,
    "lang": "en",
    "updated": 0
  },
  {
    "id": "3f1d7ac8-f810-4959-a227-23824fed3b28",
    "data": [
      {
        "text": "Can you see a lot of clouds in the sky?",
        "userDefined": false
      }
    ],
    "isTemplate": false,
    "count": 0,
    "lang": "en",
    "updated": 0
  },
  {
    "id": "8a09abb4-81ec-43b7-826d-3e7fc0f66c67",
    "data": [
      {
        "text": "I wonder if it\u0027s cloudy outside",
        "userDefined": false
      }
    ],
    "isTemplate": false,
    "count": 0,
    "lang": "en",
    "updated": 0
  },
  {
    "id": "5465eb4f-a5e2-4d85-bd5f-2ff43b776e3a",
    "data": [
      {
        "text": "is it ",
        "userDefined": false
      },
      {
        "text": "cloudy",
        "userDefined": false
      },
      {
        "text": "?",
        "userDefined": false
      }
    ],
    "isTemplate": false,
    "count": 0,
    "lang": "en",
    "updated": 0
  },
  {
    "id": "06a7cd2a-f4fd-4f4a-b726-86466127ecf7",
    "data": [
      {
        "text": "cloudy?",
        "userDefined": false
      }
    ],
    "isTemplate": false,
    "count": 0,
    "lang": "en",
    "updated": 0
  }
]