[
  {
    "id": "1f25effc-29b6-4a20-a3d1-a8033088870c",
    "data": [
      {
        "text": "tata",
        "userDefined": false
      }
    ],
    "isTemplate": false,
    "count": 0,
    "lang": "en",
    "updated": 0
  },
  {
    "id": "c5b58c20-5d3c-4d9a-bda8-b9a364a57dca",
    "data": [
      {
        "text": "see you later",
        "userDefined": false
      }
    ],
    "isTemplate": false,
    "count": 0,
    "lang": "en",
    "updated": 0
  },
  {
    "id": "46217645-e76a-4e94-9e0d-8d88d8098425",
    "data": [
      {
        "text": "see you around",
        "userDefined": false
      }
    ],
    "isTemplate": false,
    "count": 0,
    "lang": "en",
    "updated": 0
  },
  {
    "id": "af418105-44b2-498c-9c8a-675326c0b3a1",
    "data": [
      {
        "text": "goodbye",
        "userDefined": false
      }
    ],
    "isTemplate": false,
    "count": 0,
    "lang": "en",
    "updated": 0
  },
  {
    "id": "e0829050-0d23-4970-928e-bb8d226aafa6",
    "data": [
      {
        "text": "bye",
        "userDefined": false
      }
    ],
    "isTemplate": false,
    "count": 0,
    "lang": "en",
    "updated": 0
  }
]