[
  {
    "id": "ca7175fc-5544-4690-95ca-e8eca996cf01",
    "data": [
      {
        "text": "In ",
        "userDefined": false
      },
      {
        "text": "Los Angeles",
        "meta": "@sys.geo-city",
        "alias": "geo-city1",
        "userDefined": false
      }
    ],
    "isTemplate": false,
    "count": 0,
    "lang": "en",
    "updated": 0
  },
  {
    "id": "b6654248-539d-49c7-b90b-0ad4b1ef76d6",
    "data": [
      {
        "text": "For ",
        "userDefined": false
      },
      {
        "text": "London",
        "meta": "@sys.geo-city",
        "alias": "geo-city1",
        "userDefined": false
      }
    ],
    "isTemplate": false,
    "count": 0,
    "lang": "en",
    "updated": 0
  },
  {
    "id": "b70db957-5d99-4093-bcdf-6995d3259dbf",
    "data": [
      {
        "text": "For ",
        "userDefined": false
      },
      {
        "text": "Las Vegas",
        "meta": "@sys.geo-city",
        "alias": "geo-city1",
        "userDefined": false
      }
    ],
    "isTemplate": false,
    "count": 0,
    "lang": "en",
    "updated": 0
  },
  {
    "id": "25f104cb-7c21-4c57-8976-df7f6ad4829d",
    "data": [
      {
        "text": "In ",
        "userDefined": false
      },
      {
        "text": "Los Altos Hills",
        "meta": "@sys.geo-city",
        "alias": "geo-city1",
        "userDefined": false
      }
    ],
    "isTemplate": false,
    "count": 0,
    "lang": "en",
    "updated": 0
  },
  {
    "id": "258778ff-19a3-47fe-887b-e5cd5a674cac",
    "data": [
      {
        "text": "Paris",
        "meta": "@sys.geo-city",
        "alias": "geo-city1",
        "userDefined": false
      }
    ],
    "isTemplate": false,
    "count": 0,
    "lang": "en",
    "updated": 0
  },
  {
    "id": "d9b09f6a-2ec0-46a0-adfc-2d3f78aa6aac",
    "data": [
      {
        "text": "Dallas",
        "meta": "@sys.geo-city",
        "alias": "geo-city1",
        "userDefined": false
      }
    ],
    "isTemplate": false,
    "count": 0,
    "lang": "en",
    "updated": 0
  },
  {
    "id": "3ba47f3b-bc0c-42a6-81dd-b20ebdb74122",
    "data": [
      {
        "text": "Oh, sorry, in ",
        "userDefined": false
      },
      {
        "text": "Milan",
        "meta": "@sys.geo-city",
        "alias": "geo-city1",
        "userDefined": false
      }
    ],
    "isTemplate": false,
    "count": 0,
    "lang": "en",
    "updated": 0
  },
  {
    "id": "85706400-e238-4ac8-b970-45b441fa26ff",
    "data": [
      {
        "text": "For ",
        "userDefined": false
      },
      {
        "text": "Bangalore",
        "meta": "@sys.geo-city",
        "alias": "geo-city1",
        "userDefined": false
      }
    ],
    "isTemplate": false,
    "count": 0,
    "lang": "en",
    "updated": 0
  },
  {
    "id": "e2cf9aab-550e-4890-bdae-74499e3c931f",
    "data": [
      {
        "text": "Oh, I was talking about ",
        "userDefined": false
      },
      {
        "text": "Seattle",
        "meta": "@sys.geo-city",
        "alias": "geo-city1",
        "userDefined": false
      }
    ],
    "isTemplate": false,
    "count": 0,
    "lang": "en",
    "updated": 0
  }
]