[
  {
    "id": "c30f0416-ee15-418c-aef0-5ad44bac98fe",
    "data": [
      {
        "text": "i am not doing great",
        "userDefined": false
      }
    ],
    "isTemplate": false,
    "count": 0,
    "lang": "en",
    "updated": 0
  },
  {
    "id": "42cfbe61-7b11-45ee-84ad-e1302e7dc654",
    "data": [
      {
        "text": "I feel awful",
        "userDefined": false
      }
    ],
    "isTemplate": false,
    "count": 0,
    "lang": "en",
    "updated": 0
  },
  {
    "id": "9039d46a-052f-4542-80a9-195d6bb6a7bf",
    "data": [
      {
        "text": "I feel terrible",
        "userDefined": false
      }
    ],
    "isTemplate": false,
    "count": 0,
    "lang": "en",
    "updated": 0
  },
  {
    "id": "5973ed57-5eb0-4b02-b66a-b3cda896d10d",
    "data": [
      {
        "text": "I am sad",
        "userDefined": false
      }
    ],
    "isTemplate": false,
    "count": 0,
    "lang": "en",
    "updated": 0
  },
  {
    "id": "1534dc49-0481-41e9-82a9-18f4fb9cd87c",
    "data": [
      {
        "text": "I feel so sad",
        "userDefined": false
      }
    ],
    "isTemplate": false,
    "count": 0,
    "lang": "en",
    "updated": 0
  },
  {
    "id": "5f2ca100-e943-4a40-9bc2-6ef0fb70efb1",
    "data": [
      {
        "text": "I am so sad",
        "userDefined": false
      }
    ],
    "isTemplate": false,
    "count": 0,
    "lang": "en",
    "updated": 0
  },
  {
    "id": "3691c846-ec04-4d3f-aac8-3f91cdd3e5b4",
    "data": [
      {
        "text": "not very good",
        "userDefined": false
      }
    ],
    "isTemplate": false,
    "count": 0,
    "lang": "en",
    "updated": 0
  },
  {
    "id": "a2d97af0-0f6e-4c19-8bfd-614e337b6a0c",
    "data": [
      {
        "text": "terrible",
        "userDefined": false
      }
    ],
    "isTemplate": false,
    "count": 0,
    "lang": "en",
    "updated": 0
  },
  {
    "id": "f38c6848-2669-4eb4-ae33-6cfc49f470e6",
    "data": [
      {
        "text": "bad",
        "userDefined": false
      }
    ],
    "isTemplate": false,
    "count": 0,
    "lang": "en",
    "updated": 0
  },
  {
    "id": "b1d9d04d-6c60-4737-81a7-dc98f9b87b36",
    "data": [
      {
        "text": "unhappy",
        "userDefined": false
      }
    ],
    "isTemplate": false,
    "count": 0,
    "lang": "en",
    "updated": 0
  },
  {
    "id": "053dcee0-8597-4230-92fb-f83c1f492bd4",
    "data": [
      {
        "text": "sad",
        "userDefined": false
      }
    ],
    "isTemplate": false,
    "count": 0,
    "lang": "en",
    "updated": 0
  },
  {
    "id": "d951aaf6-6c3f-4b44-91a4-e8ca670ce6bd",
    "data": [
      {
        "text": "very sad",
        "userDefined": false
      }
    ],
    "isTemplate": false,
    "count": 0,
    "lang": "en",
    "updated": 0
  }
]