[
  {
    "id": "b75d3090-4569-4596-a3d9-de05f9c5a044",
    "data": [
      {
        "text": "I am going great",
        "userDefined": false
      }
    ],
    "isTemplate": false,
    "count": 0,
    "lang": "en",
    "updated": 0
  },
  {
    "id": "ee983ca4-30d2-4c99-ba32-2745944b108f",
    "data": [
      {
        "text": "I am good",
        "userDefined": false
      }
    ],
    "isTemplate": false,
    "count": 0,
    "lang": "en",
    "updated": 0
  },
  {
    "id": "993d0063-5433-45e0-96b7-455c4a166ecf",
    "data": [
      {
        "text": "I feel great",
        "userDefined": false
      }
    ],
    "isTemplate": false,
    "count": 0,
    "lang": "en",
    "updated": 0
  },
  {
    "id": "62fd08bf-e08e-42c2-9cb1-ce1d8d50306e",
    "data": [
      {
        "text": "I feel good",
        "userDefined": false
      }
    ],
    "isTemplate": false,
    "count": 0,
    "lang": "en",
    "updated": 0
  },
  {
    "id": "fc67094b-16b2-4611-8a4f-761609de40ec",
    "data": [
      {
        "text": "I\u0027m good",
        "userDefined": false
      }
    ],
    "isTemplate": false,
    "count": 0,
    "lang": "en",
    "updated": 0
  },
  {
    "id": "2943d514-ca14-4ae3-bc61-7aa50813f8c6",
    "data": [
      {
        "text": "I am great",
        "userDefined": false
      }
    ],
    "isTemplate": false,
    "count": 0,
    "lang": "en",
    "updated": 0
  },
  {
    "id": "0d3c3112-ba21-4e15-9c19-ce79f285d7ae",
    "data": [
      {
        "text": "I am feeling very good",
        "userDefined": false
      }
    ],
    "isTemplate": false,
    "count": 0,
    "lang": "en",
    "updated": 0
  },
  {
    "id": "9df52b63-34e0-4c21-8b09-c25766aa3340",
    "data": [
      {
        "text": "amazing",
        "userDefined": false
      }
    ],
    "isTemplate": false,
    "count": 0,
    "lang": "en",
    "updated": 0
  },
  {
    "id": "c56bfd9e-1630-4e6a-a6d5-724567a2b0c4",
    "data": [
      {
        "text": "great",
        "userDefined": false
      }
    ],
    "isTemplate": false,
    "count": 0,
    "lang": "en",
    "updated": 0
  },
  {
    "id": "d90cccd9-68cb-4001-9ad5-7d30595d7b17",
    "data": [
      {
        "text": "very good",
        "userDefined": false
      }
    ],
    "isTemplate": false,
    "count": 0,
    "lang": "en",
    "updated": 0
  },
  {
    "id": "c7715932-3821-4438-b7bd-de978f9bc8cb",
    "data": [
      {
        "text": "perfect",
        "userDefined": false
      }
    ],
    "isTemplate": false,
    "count": 0,
    "lang": "en",
    "updated": 0
  }
]