[
  {
    "id": "d9661abf-58b6-4505-bac8-c2962708e86a",
    "data": [
      {
        "text": "Oh, sorry, in ",
        "userDefined": false
      },
      {
        "text": "Milan",
        "meta": "@sys.geo-city",
        "alias": "geo-city1",
        "userDefined": false
      }
    ],
    "isTemplate": false,
    "count": 0,
    "lang": "en",
    "updated": 0
  },
  {
    "id": "7e65b33b-6543-419f-a8fa-864e5cd1dd37",
    "data": [
      {
        "text": "In ",
        "userDefined": false
      },
      {
        "text": "Las Vegas",
        "meta": "@sys.geo-city",
        "alias": "geo-city1",
        "userDefined": false
      }
    ],
    "isTemplate": false,
    "count": 0,
    "lang": "en",
    "updated": 0
  },
  {
    "id": "cb7fa975-132c-4252-8f91-7d043043fa2f",
    "data": [
      {
        "text": "In ",
        "userDefined": false
      },
      {
        "text": "Milan",
        "meta": "@sys.geo-city",
        "alias": "geo-city1",
        "userDefined": false
      }
    ],
    "isTemplate": false,
    "count": 0,
    "lang": "en",
    "updated": 0
  },
  {
    "id": "a5143afb-0287-4225-9861-baefd716ba06",
    "data": [
      {
        "text": "For ",
        "userDefined": false
      },
      {
        "text": "London",
        "meta": "@sys.geo-city",
        "alias": "geo-city1",
        "userDefined": false
      }
    ],
    "isTemplate": false,
    "count": 0,
    "lang": "en",
    "updated": 0
  },
  {
    "id": "5e14cad0-d8c2-40df-9288-9f590bea9882",
    "data": [
      {
        "text": "Lodon",
        "meta": "@sys.geo-city",
        "alias": "geo-city1",
        "userDefined": false
      }
    ],
    "isTemplate": false,
    "count": 0,
    "lang": "en",
    "updated": 0
  },
  {
    "id": "c2a6000c-3fb5-4ccc-9f23-1e8f975c3eee",
    "data": [
      {
        "text": "Paris",
        "meta": "@sys.geo-city",
        "alias": "geo-city1",
        "userDefined": false
      }
    ],
    "isTemplate": false,
    "count": 0,
    "lang": "en",
    "updated": 0
  },
  {
    "id": "13fca76c-839b-4fbf-8433-87b7456bf06f",
    "data": [
      {
        "text": "Oh, I was talking about ",
        "userDefined": false
      },
      {
        "text": "Seattle",
        "meta": "@sys.geo-city",
        "alias": "geo-city1",
        "userDefined": false
      }
    ],
    "isTemplate": false,
    "count": 0,
    "lang": "en",
    "updated": 0
  }
]