[
  {
    "id": "28bba6f6-a957-41a8-a0c2-ee6c5db0617c",
    "data": [
      {
        "text": "Paris",
        "meta": "@sys.geo-city",
        "alias": "geo-city1",
        "userDefined": false
      }
    ],
    "isTemplate": false,
    "count": 0,
    "lang": "en",
    "updated": 0
  },
  {
    "id": "4166c3a5-787c-4d48-a91a-5b841a453505",
    "data": [
      {
        "text": "Las Vegas",
        "meta": "@sys.geo-city",
        "alias": "geo-city1",
        "userDefined": false
      }
    ],
    "isTemplate": false,
    "count": 0,
    "lang": "en",
    "updated": 0
  },
  {
    "id": "9cdaa175-7dda-477c-9d80-0207ab9c0159",
    "data": [
      {
        "text": "In ",
        "userDefined": false
      },
      {
        "text": "London",
        "meta": "@sys.geo-city",
        "alias": "geo-city1",
        "userDefined": false
      }
    ],
    "isTemplate": false,
    "count": 0,
    "lang": "en",
    "updated": 0
  },
  {
    "id": "37ff3b77-fb3d-4194-ae8c-de3ef41b938b",
    "data": [
      {
        "text": "In ",
        "userDefined": false
      },
      {
        "text": "Paris",
        "meta": "@sys.geo-city",
        "alias": "geo-city1",
        "userDefined": false
      }
    ],
    "isTemplate": false,
    "count": 0,
    "lang": "en",
    "updated": 0
  },
  {
    "id": "97c8212b-1050-448d-8e6f-dc8279b4eae9",
    "data": [
      {
        "text": "For ",
        "userDefined": false
      },
      {
        "text": "Dallas",
        "meta": "@sys.geo-city",
        "alias": "geo-city1",
        "userDefined": false
      }
    ],
    "isTemplate": false,
    "count": 0,
    "lang": "en",
    "updated": 0
  },
  {
    "id": "64032b98-77a0-45b0-9e88-5913c045d7e3",
    "data": [
      {
        "text": "Oh, sorry, in ",
        "userDefined": false
      },
      {
        "text": "Milan",
        "meta": "@sys.geo-city",
        "alias": "geo-city1",
        "userDefined": false
      }
    ],
    "isTemplate": false,
    "count": 0,
    "lang": "en",
    "updated": 0
  },
  {
    "id": "4f77de42-63d5-4bcb-8a5d-e3cf170dd3a2",
    "data": [
      {
        "text": "Oh, I was talking about ",
        "userDefined": false
      },
      {
        "text": "Seattle",
        "meta": "@sys.geo-city",
        "alias": "geo-city1",
        "userDefined": false
      }
    ],
    "isTemplate": false,
    "count": 0,
    "lang": "en",
    "updated": 0
  }
]