[
  {
    "id": "0d767ec4-6ac3-4be4-949d-fb58bbc10fa8",
    "data": [
      {
        "text": "What is the status of snowfall?",
        "userDefined": false
      }
    ],
    "isTemplate": false,
    "count": 0,
    "lang": "en",
    "updated": 0
  },
  {
    "id": "7a80f56d-97bd-41af-8bec-9bdf17bdba84",
    "data": [
      {
        "text": "Do you think it will snow ",
        "userDefined": false
      },
      {
        "text": "today",
        "meta": "@sys.date-time",
        "alias": "date-time",
        "userDefined": false
      },
      {
        "text": "?",
        "userDefined": false
      }
    ],
    "isTemplate": false,
    "count": 0,
    "lang": "en",
    "updated": 0
  },
  {
    "id": "272bb8c9-4585-4c3f-b48c-05a36e087d96",
    "data": [
      {
        "text": "isn\u0027t is snowing here in ",
        "userDefined": false
      },
      {
        "text": "Los Angeles",
        "meta": "@sys.geo-city",
        "alias": "geo-city1",
        "userDefined": false
      },
      {
        "text": "?",
        "userDefined": false
      }
    ],
    "isTemplate": false,
    "count": 0,
    "lang": "en",
    "updated": 0
  },
  {
    "id": "47f66dbf-905a-4e16-80cb-f3d02752c1d0",
    "data": [
      {
        "text": "Is it snowing outside?",
        "userDefined": false
      }
    ],
    "isTemplate": false,
    "count": 0,
    "lang": "en",
    "updated": 0
  },
  {
    "id": "4bc363b8-4109-4426-84a0-76742b7060bd",
    "data": [
      {
        "text": "I was wondering how if its snowing outside",
        "userDefined": false
      }
    ],
    "isTemplate": false,
    "count": 0,
    "lang": "en",
    "updated": 0
  },
  {
    "id": "aa44abd7-3d7d-4dda-bf73-09772ce2e99f",
    "data": [
      {
        "text": "How windy is it ",
        "userDefined": false
      },
      {
        "text": "today",
        "meta": "@sys.date-time",
        "alias": "date-time",
        "userDefined": false
      },
      {
        "text": "?",
        "userDefined": false
      }
    ],
    "isTemplate": false,
    "count": 0,
    "lang": "en",
    "updated": 0
  },
  {
    "id": "c640a806-ce94-4820-8e87-7098c8b3fd59",
    "data": [
      {
        "text": "Is it snowy outside?",
        "userDefined": false
      }
    ],
    "isTemplate": false,
    "count": 0,
    "lang": "en",
    "updated": 0
  },
  {
    "id": "08efba00-57ea-4116-8de5-04b83cc121fc",
    "data": [
      {
        "text": "How much snow is there in ",
        "userDefined": false
      },
      {
        "text": "Paris",
        "meta": "@sys.geo-city",
        "alias": "geo-city1",
        "userDefined": false
      },
      {
        "text": "?",
        "userDefined": false
      }
    ],
    "isTemplate": false,
    "count": 0,
    "lang": "en",
    "updated": 0
  },
  {
    "id": "afc6f1bb-6fd6-4db2-aef8-eba5fa87c363",
    "data": [
      {
        "text": "Is it hailing in ",
        "userDefined": false
      },
      {
        "text": "Chicago",
        "meta": "@sys.geo-city",
        "alias": "geo-city1",
        "userDefined": false
      },
      {
        "text": "?",
        "userDefined": false
      }
    ],
    "isTemplate": false,
    "count": 0,
    "lang": "en",
    "updated": 0
  },
  {
    "id": "43422d37-809a-4803-a74a-e2fab05a6450",
    "data": [
      {
        "text": "Is there a flurry in ",
        "userDefined": false
      },
      {
        "text": "New York",
        "meta": "@sys.geo-city",
        "alias": "geo-city1",
        "userDefined": false
      },
      {
        "text": "?",
        "userDefined": false
      }
    ],
    "isTemplate": false,
    "count": 0,
    "lang": "en",
    "updated": 0
  },
  {
    "id": "85d99928-138a-4ece-83eb-ea10a913206d",
    "data": [
      {
        "text": "is it snowing in ",
        "userDefined": false
      },
      {
        "text": "Denver",
        "meta": "@sys.geo-city",
        "alias": "geo-city1",
        "userDefined": false
      },
      {
        "text": "?",
        "userDefined": false
      }
    ],
    "isTemplate": false,
    "count": 0,
    "lang": "en",
    "updated": 0
  },
  {
    "id": "29b93cb5-8cba-4bc5-9c1b-e28c0e425b0e",
    "data": [
      {
        "text": "is it snowy?",
        "userDefined": false
      }
    ],
    "isTemplate": false,
    "count": 0,
    "lang": "en",
    "updated": 0
  },
  {
    "id": "4703df19-25e5-49d9-a6f2-3ef1badbd600",
    "data": [
      {
        "text": "is it snowy in ",
        "userDefined": false
      },
      {
        "text": "San Jose",
        "meta": "@sys.geo-city",
        "alias": "geo-city1",
        "userDefined": false
      },
      {
        "text": "?",
        "userDefined": false
      }
    ],
    "isTemplate": false,
    "count": 0,
    "lang": "en",
    "updated": 0
  },
  {
    "id": "85b2e599-5cd0-4bad-8564-26c10ae3dad9",
    "data": [
      {
        "text": "snowy?",
        "userDefined": false
      }
    ],
    "isTemplate": false,
    "count": 0,
    "lang": "en",
    "updated": 0
  }
]