[
  {
    "id": "9a0e2caf-2774-4c4c-97c2-8028540b7016",
    "data": [
      {
        "text": "I wonder if the ",
        "userDefined": false
      },
      {
        "text": "sun",
        "userDefined": false
      },
      {
        "text": " is out in ",
        "userDefined": false
      },
      {
        "text": "Madrid",
        "meta": "@sys.geo-city",
        "alias": "geo-city1",
        "userDefined": false
      },
      {
        "text": " ",
        "userDefined": false
      },
      {
        "text": "at the moment",
        "meta": "@sys.date-time",
        "alias": "date-time",
        "userDefined": false
      },
      {
        "text": ".",
        "userDefined": false
      }
    ],
    "isTemplate": false,
    "count": 0,
    "lang": "en",
    "updated": 0
  },
  {
    "id": "1ce04b14-ffde-44e8-b32e-7877815a4687",
    "data": [
      {
        "text": "Do you think it\u0027s sunny outside?",
        "userDefined": false
      }
    ],
    "isTemplate": false,
    "count": 0,
    "lang": "en",
    "updated": 0
  },
  {
    "id": "0ceca56c-8c7e-4ae7-a94d-063598efc562",
    "data": [
      {
        "text": "Is the sky clear and sunny?",
        "userDefined": false
      }
    ],
    "isTemplate": false,
    "count": 0,
    "lang": "en",
    "updated": 0
  },
  {
    "id": "96d97efe-78ac-42cb-af03-749f002edf0c",
    "data": [
      {
        "text": "How sunny is it in ",
        "userDefined": false
      },
      {
        "text": "Detroit",
        "meta": "@sys.geo-city",
        "alias": "geo-city1",
        "userDefined": false
      },
      {
        "text": "?",
        "userDefined": false
      }
    ],
    "isTemplate": false,
    "count": 0,
    "lang": "en",
    "updated": 0
  },
  {
    "id": "7dc6b4ad-755a-4ff9-a12a-df179b8c52e0",
    "data": [
      {
        "text": "Can you tell me if the ",
        "userDefined": false
      },
      {
        "text": "sun",
        "userDefined": false
      },
      {
        "text": " is out in ",
        "userDefined": false
      },
      {
        "text": "Milan",
        "meta": "@sys.geo-city",
        "alias": "geo-city1",
        "userDefined": false
      },
      {
        "text": " ",
        "userDefined": false
      },
      {
        "text": "today",
        "meta": "@sys.date-time",
        "alias": "date-time",
        "userDefined": false
      },
      {
        "text": "?",
        "userDefined": false
      }
    ],
    "isTemplate": false,
    "count": 0,
    "lang": "en",
    "updated": 0
  },
  {
    "id": "6e10756e-1d50-43d7-890e-dd72cce6831c",
    "data": [
      {
        "text": "In ",
        "userDefined": false
      },
      {
        "text": "Berlin",
        "meta": "@sys.geo-city",
        "alias": "geo-city1",
        "userDefined": false
      },
      {
        "text": ", is it sunny ",
        "userDefined": false
      },
      {
        "text": "right now",
        "meta": "@sys.date-time",
        "alias": "date-time",
        "userDefined": false
      },
      {
        "text": "?",
        "userDefined": false
      }
    ],
    "isTemplate": false,
    "count": 0,
    "lang": "en",
    "updated": 0
  },
  {
    "id": "e812e01d-9c07-4daa-a263-80cde7aec4f8",
    "data": [
      {
        "text": "is it sunny outside?",
        "userDefined": false
      }
    ],
    "isTemplate": false,
    "count": 0,
    "lang": "en",
    "updated": 0
  },
  {
    "id": "5b99f101-3ec7-432f-879b-c78e0e1fd143",
    "data": [
      {
        "text": "is the ",
        "userDefined": false
      },
      {
        "text": "sun",
        "userDefined": false
      },
      {
        "text": " out?",
        "userDefined": false
      }
    ],
    "isTemplate": false,
    "count": 0,
    "lang": "en",
    "updated": 0
  },
  {
    "id": "5586ab94-ab3d-4cca-bb96-b979ecb5d84b",
    "data": [
      {
        "text": "is it sunny in ",
        "userDefined": false
      },
      {
        "text": "San Francisco",
        "meta": "@sys.geo-city",
        "alias": "geo-city1",
        "userDefined": false
      },
      {
        "text": " ",
        "userDefined": false
      },
      {
        "text": "today",
        "meta": "@sys.date-time",
        "alias": "date-time",
        "userDefined": false
      },
      {
        "text": "?",
        "userDefined": false
      }
    ],
    "isTemplate": false,
    "count": 0,
    "lang": "en",
    "updated": 0
  },
  {
    "id": "75bf5842-08f9-48c6-ae04-00f7813f0a1d",
    "data": [
      {
        "text": "sunny?",
        "userDefined": false
      }
    ],
    "isTemplate": false,
    "count": 0,
    "lang": "en",
    "updated": 0
  },
  {
    "id": "9cd422ba-5fcb-4c7b-99a6-2501f42c9bef",
    "data": [
      {
        "text": "is it sunny?",
        "userDefined": false
      }
    ],
    "isTemplate": false,
    "count": 0,
    "lang": "en",
    "updated": 0
  }
]