[
  {
    "id": "ad5ba2ae-08d7-421e-9d8a-22068740e94d",
    "data": [
      {
        "text": "Las Vegas",
        "meta": "@sys.geo-city",
        "alias": "geo-city1",
        "userDefined": false
      }
    ],
    "isTemplate": false,
    "count": 0,
    "lang": "en",
    "updated": 0
  },
  {
    "id": "1b6743e1-c577-48f6-9bef-58d6dc5fdf47",
    "data": [
      {
        "text": "In ",
        "userDefined": false
      },
      {
        "text": "London",
        "meta": "@sys.geo-city",
        "alias": "geo-city1",
        "userDefined": false
      }
    ],
    "isTemplate": false,
    "count": 0,
    "lang": "en",
    "updated": 0
  },
  {
    "id": "dfa483b7-6247-4da8-9b93-d1a499b5dee2",
    "data": [
      {
        "text": "Oh, sorry, in ",
        "userDefined": false
      },
      {
        "text": "Milan",
        "meta": "@sys.geo-city",
        "alias": "geo-city1",
        "userDefined": false
      }
    ],
    "isTemplate": false,
    "count": 0,
    "lang": "en",
    "updated": 0
  },
  {
    "id": "d82a3915-b126-4dd7-8575-5b484dff5a8d",
    "data": [
      {
        "text": "Milan",
        "meta": "@sys.geo-city",
        "alias": "geo-city1",
        "userDefined": false
      }
    ],
    "isTemplate": false,
    "count": 0,
    "lang": "en",
    "updated": 0
  },
  {
    "id": "d4ab6cf3-b27d-4db8-8fb4-a3190217cd41",
    "data": [
      {
        "text": "In ",
        "userDefined": false
      },
      {
        "text": "Bangalore",
        "meta": "@sys.geo-city",
        "alias": "geo-city1",
        "userDefined": false
      }
    ],
    "isTemplate": false,
    "count": 0,
    "lang": "en",
    "updated": 0
  },
  {
    "id": "0c73aede-a2ef-4bc6-b60d-9a30a01d3e7b",
    "data": [
      {
        "text": "For ",
        "userDefined": false
      },
      {
        "text": "Paris",
        "meta": "@sys.geo-city",
        "alias": "geo-city1",
        "userDefined": false
      }
    ],
    "isTemplate": false,
    "count": 0,
    "lang": "en",
    "updated": 0
  },
  {
    "id": "4cd54026-b2fa-4cf5-9ad4-5f1019c21a93",
    "data": [
      {
        "text": "Oh, I was talking about ",
        "userDefined": false
      },
      {
        "text": "Seattle",
        "meta": "@sys.geo-city",
        "alias": "geo-city1",
        "userDefined": false
      }
    ],
    "isTemplate": false,
    "count": 0,
    "lang": "en",
    "updated": 0
  }
]