[
  {
    "id": "a499bad4-8645-401d-8048-dd07211b6fb9",
    "data": [
      {
        "text": "Do you think I should wear a sweater?",
        "userDefined": false
      }
    ],
    "isTemplate": false,
    "count": 0,
    "lang": "en",
    "updated": 0
  },
  {
    "id": "4443ff01-469b-484a-8f31-e7b56b3ec6bc",
    "data": [
      {
        "text": "Do you think it\u0027s hot outside?",
        "userDefined": false
      }
    ],
    "isTemplate": false,
    "count": 0,
    "lang": "en",
    "updated": 0
  },
  {
    "id": "4c765bae-c8d2-44c3-99cb-7f5a7235887b",
    "data": [
      {
        "text": "It feels like ",
        "userDefined": false
      },
      {
        "text": "summer",
        "meta": "@sys.date-period",
        "alias": "date-period",
        "userDefined": false
      },
      {
        "text": ", what is the temperature out there?",
        "userDefined": false
      }
    ],
    "isTemplate": false,
    "count": 0,
    "lang": "en",
    "updated": 0
  },
  {
    "id": "16601ed2-de55-4d93-9930-a3a001075315",
    "data": [
      {
        "text": "Show me the temperature in ",
        "userDefined": false
      },
      {
        "text": "Sacramento",
        "meta": "@sys.geo-city",
        "alias": "geo-city1",
        "userDefined": false
      },
      {
        "text": ".",
        "userDefined": false
      }
    ],
    "isTemplate": false,
    "count": 0,
    "lang": "en",
    "updated": 0
  },
  {
    "id": "341acf82-cae3-494b-9d1e-dd4123300d37",
    "data": [
      {
        "text": "Is is supposed to be too warm ",
        "userDefined": false
      },
      {
        "text": "today",
        "meta": "@sys.date-time",
        "alias": "date-time",
        "userDefined": false
      },
      {
        "text": "?",
        "userDefined": false
      }
    ],
    "isTemplate": false,
    "count": 0,
    "lang": "en",
    "updated": 0
  },
  {
    "id": "5250c6dd-1538-4433-bcbf-5d23a9e035b0",
    "data": [
      {
        "text": "Can you tell me how chilly is it in ",
        "userDefined": false
      },
      {
        "text": "London",
        "meta": "@sys.geo-city",
        "alias": "geo-city1",
        "userDefined": false
      },
      {
        "text": "?",
        "userDefined": false
      }
    ],
    "isTemplate": false,
    "count": 0,
    "lang": "en",
    "updated": 0
  },
  {
    "id": "e24cabf4-431c-44c6-aab2-927f89784414",
    "data": [
      {
        "text": "Can you tell me how hot is it in ",
        "userDefined": false
      },
      {
        "text": "Miami",
        "meta": "@sys.geo-city",
        "alias": "geo-city1",
        "userDefined": false
      },
      {
        "text": "?",
        "userDefined": false
      }
    ],
    "isTemplate": false,
    "count": 0,
    "lang": "en",
    "updated": 0
  },
  {
    "id": "56047e70-9f8a-4c43-b001-08a2ac48944c",
    "data": [
      {
        "text": "Is the temperature too hot in ",
        "userDefined": false
      },
      {
        "text": "Austin",
        "meta": "@sys.geo-city",
        "alias": "geo-city1",
        "userDefined": false
      },
      {
        "text": " right now?",
        "userDefined": false
      }
    ],
    "isTemplate": false,
    "count": 0,
    "lang": "en",
    "updated": 0
  },
  {
    "id": "d0279c22-71b4-4b43-87e0-ce0cfafc2b49",
    "data": [
      {
        "text": "Is it too chilly to go out in ",
        "userDefined": false
      },
      {
        "text": "Santa Clara",
        "meta": "@sys.geo-city",
        "alias": "geo-city1",
        "userDefined": false
      },
      {
        "text": " ",
        "userDefined": false
      },
      {
        "text": "today",
        "meta": "@sys.date-time",
        "alias": "date-time",
        "userDefined": false
      },
      {
        "text": "?",
        "userDefined": false
      }
    ],
    "isTemplate": false,
    "count": 0,
    "lang": "en",
    "updated": 0
  },
  {
    "id": "847803ec-155c-4d6a-aa88-67f23c4546cf",
    "data": [
      {
        "text": "Is it too cold to go outside?",
        "userDefined": false
      }
    ],
    "isTemplate": false,
    "count": 0,
    "lang": "en",
    "updated": 0
  },
  {
    "id": "de5fdd25-aef4-4be9-9f7a-6444bf3ed3c5",
    "data": [
      {
        "text": "Is it too hot to go outside?",
        "userDefined": false
      }
    ],
    "isTemplate": false,
    "count": 0,
    "lang": "en",
    "updated": 0
  },
  {
    "id": "d4125ae0-634e-4231-ab46-7e687216cbe1",
    "data": [
      {
        "text": "I wonder if it\u0027s hot in ",
        "userDefined": false
      },
      {
        "text": "Pittsburgh",
        "meta": "@sys.geo-city",
        "alias": "geo-city1",
        "userDefined": false
      }
    ],
    "isTemplate": false,
    "count": 0,
    "lang": "en",
    "updated": 0
  },
  {
    "id": "d34ea17a-d848-4a1e-a971-59b21d03b8fa",
    "data": [
      {
        "text": "I wonder what is the temperature in ",
        "userDefined": false
      },
      {
        "text": "Houston",
        "meta": "@sys.geo-city",
        "alias": "geo-city1",
        "userDefined": false
      },
      {
        "text": "?",
        "userDefined": false
      }
    ],
    "isTemplate": false,
    "count": 0,
    "lang": "en",
    "updated": 0
  },
  {
    "id": "152b06ff-0f64-4037-921f-4706839fb2bf",
    "data": [
      {
        "text": "Is there a lot of heat in ",
        "userDefined": false
      },
      {
        "text": "Dallas",
        "meta": "@sys.geo-city",
        "alias": "geo-city1",
        "userDefined": false
      },
      {
        "text": " ",
        "userDefined": false
      },
      {
        "text": "today",
        "meta": "@sys.date-time",
        "alias": "date-time",
        "userDefined": false
      },
      {
        "text": "?",
        "userDefined": false
      }
    ],
    "isTemplate": false,
    "count": 0,
    "lang": "en",
    "updated": 0
  },
  {
    "id": "282af343-1cc7-4ac3-b9c6-08e15b8a8058",
    "data": [
      {
        "text": "How hot is it in ",
        "userDefined": false
      },
      {
        "text": "San Francisco",
        "meta": "@sys.geo-city",
        "alias": "geo-city1",
        "userDefined": false
      },
      {
        "text": " ",
        "userDefined": false
      },
      {
        "text": "today",
        "meta": "@sys.date-time",
        "alias": "date-time",
        "userDefined": false
      },
      {
        "text": "?",
        "userDefined": false
      }
    ],
    "isTemplate": false,
    "count": 0,
    "lang": "en",
    "updated": 0
  },
  {
    "id": "fd09394c-ad1f-48d5-a71d-894458a9b1d0",
    "data": [
      {
        "text": "Is it hot in ",
        "userDefined": false
      },
      {
        "text": "New York",
        "meta": "@sys.geo-city",
        "alias": "geo-city1",
        "userDefined": false
      },
      {
        "text": " ",
        "userDefined": false
      },
      {
        "text": "at the moment",
        "meta": "@sys.date-time",
        "alias": "date-time",
        "userDefined": false
      },
      {
        "text": "?",
        "userDefined": false
      }
    ],
    "isTemplate": false,
    "count": 0,
    "lang": "en",
    "updated": 0
  },
  {
    "id": "51d2b2c5-93d1-40c2-bf3f-5da91487a148",
    "data": [
      {
        "text": "Is it chilly in ",
        "userDefined": false
      },
      {
        "text": "Chicago",
        "meta": "@sys.geo-city",
        "alias": "geo-city1",
        "userDefined": false
      },
      {
        "text": "?",
        "userDefined": false
      }
    ],
    "isTemplate": false,
    "count": 0,
    "lang": "en",
    "updated": 0
  },
  {
    "id": "cf9f3539-63f1-4647-8bd3-8c574be811a9",
    "data": [
      {
        "text": "Is is cold in ",
        "userDefined": false
      },
      {
        "text": "Chicago",
        "meta": "@sys.geo-city",
        "alias": "geo-city1",
        "userDefined": false
      },
      {
        "text": " ",
        "userDefined": false
      },
      {
        "text": "today",
        "meta": "@sys.date-time",
        "alias": "date-time",
        "userDefined": false
      },
      {
        "text": "?",
        "userDefined": false
      }
    ],
    "isTemplate": false,
    "count": 0,
    "lang": "en",
    "updated": 0
  },
  {
    "id": "b95c4699-bc16-49e5-9cfc-f1abd8cecc42",
    "data": [
      {
        "text": "Is the temperature too hot in ",
        "userDefined": false
      },
      {
        "text": "Los Angeles",
        "meta": "@sys.geo-city",
        "alias": "geo-city1",
        "userDefined": false
      },
      {
        "text": " ?",
        "userDefined": false
      }
    ],
    "isTemplate": false,
    "count": 0,
    "lang": "en",
    "updated": 0
  },
  {
    "id": "2f08023e-524d-4f0a-937d-0ee1a0d2190e",
    "data": [
      {
        "text": "What is the temperature in ",
        "userDefined": false
      },
      {
        "text": "Santa Clara",
        "meta": "@sys.geo-city",
        "alias": "geo-city1",
        "userDefined": true
      },
      {
        "text": "?",
        "userDefined": false
      }
    ],
    "isTemplate": false,
    "count": 0,
    "lang": "en",
    "updated": 0
  },
  {
    "id": "bc55ee4f-d372-49cb-ba01-79f235c2d445",
    "data": [
      {
        "text": "What\u0027s the temperature in ",
        "userDefined": false
      },
      {
        "text": "Dallas",
        "meta": "@sys.geo-city",
        "alias": "geo-city1",
        "userDefined": false
      },
      {
        "text": " ",
        "userDefined": false
      },
      {
        "text": "today",
        "meta": "@sys.date-time",
        "alias": "date-time",
        "userDefined": false
      },
      {
        "text": "?",
        "userDefined": false
      }
    ],
    "isTemplate": false,
    "count": 0,
    "lang": "en",
    "updated": 0
  },
  {
    "id": "f38d37d8-264d-4719-be98-51b04baefc83",
    "data": [
      {
        "text": "Can you tell me what\u0027s the temperature in ",
        "userDefined": false
      },
      {
        "text": "Austin",
        "meta": "@sys.geo-city",
        "alias": "geo-city1",
        "userDefined": false
      },
      {
        "text": "?",
        "userDefined": false
      }
    ],
    "isTemplate": false,
    "count": 0,
    "lang": "en",
    "updated": 0
  }
]