[
  {
    "id": "6610cdfe-1495-454e-a516-1d7c81232f63",
    "data": [
      {
        "text": "Santa Clara",
        "meta": "@sys.geo-city",
        "alias": "geo-city1",
        "userDefined": false
      }
    ],
    "isTemplate": false,
    "count": 0,
    "lang": "en",
    "updated": 0
  },
  {
    "id": "4a6ae06c-f7b3-467a-b2c3-027896894785",
    "data": [
      {
        "text": "Oh, sorry, in ",
        "userDefined": false
      },
      {
        "text": "Milan",
        "meta": "@sys.geo-city",
        "alias": "geo-city1",
        "userDefined": false
      }
    ],
    "isTemplate": false,
    "count": 0,
    "lang": "en",
    "updated": 0
  },
  {
    "id": "4f5620b8-b462-4387-a9ef-fd765be0a772",
    "data": [
      {
        "text": "For ",
        "userDefined": false
      },
      {
        "text": "London",
        "meta": "@sys.geo-city",
        "alias": "geo-city1",
        "userDefined": false
      }
    ],
    "isTemplate": false,
    "count": 0,
    "lang": "en",
    "updated": 0
  },
  {
    "id": "df7490f9-cfc4-4e02-87e5-7af605487a12",
    "data": [
      {
        "text": "For ",
        "userDefined": false
      },
      {
        "text": "Las Vegas",
        "meta": "@sys.geo-city",
        "alias": "geo-city1",
        "userDefined": false
      }
    ],
    "isTemplate": false,
    "count": 0,
    "lang": "en",
    "updated": 0
  },
  {
    "id": "5c2cee1b-66e9-47ee-be4d-9c3358b5dbf0",
    "data": [
      {
        "text": "In ",
        "userDefined": false
      },
      {
        "text": "Dallas",
        "meta": "@sys.geo-city",
        "alias": "geo-city1",
        "userDefined": false
      }
    ],
    "isTemplate": false,
    "count": 0,
    "lang": "en",
    "updated": 0
  },
  {
    "id": "70be1211-447a-4dfc-9fd7-0f22f316ab08",
    "data": [
      {
        "text": "Paris",
        "meta": "@sys.geo-city",
        "alias": "geo-city1",
        "userDefined": false
      }
    ],
    "isTemplate": false,
    "count": 0,
    "lang": "en",
    "updated": 0
  },
  {
    "id": "8520f5eb-cec4-4fdb-bebc-b14a6e33f3cf",
    "data": [
      {
        "text": "Oh, I was talking about ",
        "userDefined": false
      },
      {
        "text": "Seattle",
        "meta": "@sys.geo-city",
        "alias": "geo-city1",
        "userDefined": false
      }
    ],
    "isTemplate": false,
    "count": 0,
    "lang": "en",
    "updated": 0
  }
]