[
  {
    "id": "360d94e4-92ea-4823-a08d-53fa08da399b",
    "data": [
      {
        "text": "are we having a storm?",
        "userDefined": false
      }
    ],
    "isTemplate": false,
    "count": 0,
    "lang": "en",
    "updated": 0
  },
  {
    "id": "a5a5ff84-d00e-473c-8265-cf8cc01dc327",
    "data": [
      {
        "text": "I need a jacket, how windy is it here in ",
        "userDefined": false
      },
      {
        "text": "Los Angeles",
        "meta": "@sys.geo-city",
        "alias": "geo-city1",
        "userDefined": false
      },
      {
        "text": "?",
        "userDefined": false
      }
    ],
    "isTemplate": false,
    "count": 0,
    "lang": "en",
    "updated": 0
  },
  {
    "id": "def0ff0b-0a58-4dc6-ad48-68f4f452efc2",
    "data": [
      {
        "text": "Is it breezy outside ",
        "userDefined": false
      },
      {
        "text": "today",
        "meta": "@sys.date-time",
        "alias": "date-time",
        "userDefined": false
      },
      {
        "text": "?",
        "userDefined": false
      }
    ],
    "isTemplate": false,
    "count": 0,
    "lang": "en",
    "updated": 0
  },
  {
    "id": "f3c1f4aa-6884-4b4b-8584-d1678f412ad4",
    "data": [
      {
        "text": "Is it breezy outside?",
        "userDefined": false
      }
    ],
    "isTemplate": false,
    "count": 0,
    "lang": "en",
    "updated": 0
  },
  {
    "id": "a934a76d-fa91-48fa-9a31-07e796815c61",
    "data": [
      {
        "text": "I was wondering how windy is it outside?",
        "userDefined": false
      }
    ],
    "isTemplate": false,
    "count": 0,
    "lang": "en",
    "updated": 0
  },
  {
    "id": "96ffa6bf-634d-453b-931a-443fbb2de41b",
    "data": [
      {
        "text": "How windy is it ",
        "userDefined": false
      },
      {
        "text": "today",
        "meta": "@sys.date-time",
        "alias": "date-time",
        "userDefined": false
      },
      {
        "text": "?",
        "userDefined": false
      }
    ],
    "isTemplate": false,
    "count": 0,
    "lang": "en",
    "updated": 0
  },
  {
    "id": "08b4139e-b209-4a72-9798-32c76d5fde30",
    "data": [
      {
        "text": "Is it windy outside?",
        "userDefined": false
      }
    ],
    "isTemplate": false,
    "count": 0,
    "lang": "en",
    "updated": 0
  },
  {
    "id": "1ef230e5-6851-449b-b0e5-9da0cd5e5251",
    "data": [
      {
        "text": "How fast is the wind blowing in ",
        "userDefined": false
      },
      {
        "text": "Paris",
        "meta": "@sys.geo-city",
        "alias": "geo-city1",
        "userDefined": false
      },
      {
        "text": "?",
        "userDefined": false
      }
    ],
    "isTemplate": false,
    "count": 0,
    "lang": "en",
    "updated": 0
  },
  {
    "id": "162d40ed-8577-4a80-a8fa-472a478cdfa0",
    "data": [
      {
        "text": "Is it windy in ",
        "userDefined": false
      },
      {
        "text": "Chicago",
        "meta": "@sys.geo-city",
        "alias": "geo-city1",
        "userDefined": false
      },
      {
        "text": "?",
        "userDefined": false
      }
    ],
    "isTemplate": false,
    "count": 0,
    "lang": "en",
    "updated": 0
  },
  {
    "id": "dbeee39c-993e-4048-88dd-c4d33e09fad5",
    "data": [
      {
        "text": "What is the wind speed in ",
        "userDefined": false
      },
      {
        "text": "New York",
        "meta": "@sys.geo-city",
        "alias": "geo-city1",
        "userDefined": false
      },
      {
        "text": "?",
        "userDefined": false
      }
    ],
    "isTemplate": false,
    "count": 0,
    "lang": "en",
    "updated": 0
  },
  {
    "id": "d822107a-5d4d-4160-b9e0-a7f3cd9422ec",
    "data": [
      {
        "text": "is it stormy in ",
        "userDefined": false
      },
      {
        "text": "Denver",
        "meta": "@sys.geo-city",
        "alias": "geo-city1",
        "userDefined": false
      },
      {
        "text": "?",
        "userDefined": false
      }
    ],
    "isTemplate": false,
    "count": 0,
    "lang": "en",
    "updated": 0
  },
  {
    "id": "915eccd0-705c-429e-b503-cf419fd659f2",
    "data": [
      {
        "text": "stormy",
        "userDefined": false
      },
      {
        "text": "?",
        "userDefined": false
      }
    ],
    "isTemplate": false,
    "count": 0,
    "lang": "en",
    "updated": 0
  },
  {
    "id": "0d5a066e-6af2-45ec-9b85-cd9a61694241",
    "data": [
      {
        "text": "windy",
        "userDefined": false
      },
      {
        "text": "?",
        "userDefined": false
      }
    ],
    "isTemplate": false,
    "count": 0,
    "lang": "en",
    "updated": 0
  },
  {
    "id": "14cdaa2e-e839-4ded-8c7a-23f48a0de448",
    "data": [
      {
        "text": "is it windy?",
        "userDefined": false
      }
    ],
    "isTemplate": false,
    "count": 0,
    "lang": "en",
    "updated": 0
  }
]